Student_height,Student_weight
126.25586317363256,81.17062609673259
178.56701008318754,77.65415603065681
198.8258950640911,62.15948003318048
163.68909908696526,72.7260500301219
194.53301967378079,78.06001733128058
